FinancialHealth,Pay all of our bills on time,Pay nearly all of our bills on time,Pay most of our bills on time,Pay some of our bills on time,Pay very few of our bills on time
Healthy,98.68334431,1.184990125,0.131665569,0,0
Coping,65.71428571,23.74768089,8.348794063,1.781076067,0.408163265
Vulnerable,8.575031526,25.09457755,27.99495586,25.34678436,12.98865069